BRANCH:,Cidco Nashik,,,,
ADDRESS:,Pune1,,,,
VEHICLE TYPE:,ICE,,,,
EXPORT DATE:,"8/8/2025, 12:33:51 pm",,,,
,,,,,
Vehicle Model,Color,Battery No,Key No,Chassis No,Engine No
XL 100 COMFORT KICKSTART OBD IIB,Red,BAT12345,KEY567,CHS89012345678901,ENG5609871
XL 100 HD KICKSTART OBD IIB,Blue,BAT67890,KEY234,CHS45098765432109,ENG3405612
XL 100 I TOUCH OBD IIB,Black,BAT11223,KEY765,CHS99011223344556,ENG7723109
JUPITER DRUM SMW OBD IIB,White,BAT33445,KEY982,CHS67054329876543,ENG8854220
JUPITER DISC SXC OBD IIB,Silver,BAT55667,KEY129,CHS87023114560987,ENG9931425
XL 100 COMFORT KICKSTART OBD IIB,Green,BAT77889,KEY674,CHS23098751234567,ENG1143250
JUPITER DRUM SMW OBD IIB,Yellow,BAT99001,KEY432,CHS11056789876543,ENG2211432
XL 100 HD KICKSTART OBD IIB,Maroon,BAT22334,KEY908,CHS54321098765432,ENG5567893
XL 100 I TOUCH OBD IIB,Grey,BAT44556,KEY567,CHS76543211234567,ENG6678902
JUPITER DRUM SMW OBD IIB75 Classic,Blue,BAT66778,KEY345,CHS99887766554433,ENG7789015
